Protein Type,Mutation,Protein,Original Site,Original protein type,PMID,Source,HA_Type
N1-combination_11_0,240I,N2,241&275&369IYK,N1,PMID:24699865,Viruses from both the Newcastle and Sapporo clusters contained permissive NA mutations V241I and N369K that enhance the replication and transmission fitness of viruses containing the H275Y mutation.,
N1-combination_11_1,274Y,N2,241&275&369IYK,N1,PMID:24699865,Viruses from both the Newcastle and Sapporo clusters contained permissive NA mutations V241I and N369K that enhance the replication and transmission fitness of viruses containing the H275Y mutation.,
N1-combination_11_2,372K,N2,241&275&369IYK,N1,PMID:24699865,Viruses from both the Newcastle and Sapporo clusters contained permissive NA mutations V241I and N369K that enhance the replication and transmission fitness of viruses containing the H275Y mutation.,
N1,274Y,N2,275Y,N1,PMID:22532693,"These data suggest that the oseltamivir-resistant Brisbane/59-like NA (specifically, the NA residues H275Y with or without D354G) is sufficient to enhance transmission efficiency in the guinea pig model.",
N1-combination_13_0,274Y,N2,275&354YG,N1,PMID:22532693,"These data suggest that the oseltamivir-resistant Brisbane/59-like NA (specifically, the NA residues H275Y with or without D354G) is sufficient to enhance transmission efficiency in the guinea pig model.",
N1-combination_13_1,357G,N2,275&354YG,N1,PMID:22532693,"These data suggest that the oseltamivir-resistant Brisbane/59-like NA (specifically, the NA residues H275Y with or without D354G) is sufficient to enhance transmission efficiency in the guinea pig model.",
N1-combination_14_0,221R,N2,222&275RY,N1,PMID:22174688,"However, the H275Y/Q222R mutant was transmitted to all naïve ferrets by direct contact meaning that the combination of several permissive NA mutations and/or mutations elsewhere in the viral genome may be necessary to recapitulate the epidemiological observations showing increased transmission of the oseltamivir-resistant Bris07 virus.",
N1-combination_14_1,274Y,N2,222&275RY,N1,PMID:22174688,"However, the H275Y/Q222R mutant was transmitted to all naïve ferrets by direct contact meaning that the combination of several permissive NA mutations and/or mutations elsewhere in the viral genome may be necessary to recapitulate the epidemiological observations showing increased transmission of the oseltamivir-resistant Bris07 virus.",
H9,HA1-199A,H3,189A,H9,PMID:23626667,The fact that the Thr-189→Ala mutation is needed for respiratory droplet transmission highlights the role of improving human receptor specificity in the context of other genes in a reassorted virus in conferring airborne transmissibility.,
H5,HA1-110Y,H3,103Y,H5,PMID:24725402,"Of note, nasal washes instead of nasal turbinates were used to inoculate the ferrets from passage 6 onward, which may have contributed to rapid increase in the proportion of mutants containing HA-103Y after passage 7 (and perhaps also PB1-99Y). HA-156A was detected as a minor variant in passage 1 to rapidly become the dominant variant from passage 3 onward. Thus, the three substitutions that emerged during ferret passage and that contributed to aerosol transmissibility of A/H5N1 virus arose as early as after one or two passages and became dominant by passage 7.",
H5-combination_20_0,HA1-34Q,H3,24&158QA,H5,PMID:23486663,H5 H24Q substitution decreased pH of fusion to promote efficient transmission in ferrets when coupled with receptor binding changes and a loss of an N-linked glycan at residue 158.,
H5-combination_20_1,HA1-162A,H3,24&158QA,H5,PMID:23486663,H5 H24Q substitution decreased pH of fusion to promote efficient transmission in ferrets when coupled with receptor binding changes and a loss of an N-linked glycan at residue 158.,
H3,HA2-117S,H3,HA2-117S,H3,PMID:35127568,The mutation N to S at position HA2-117 in the GLW/18-MA might also increase the stability of the HA trimer for better replication and transmission in mice.,
H3,HA1-227M,H3,227M,H3,PMID:34560182,"Multiple specific amino acid mutations occurred that increased H9N2 AIVs’ infectivity, transmissibility, and affinity to mammals, including Q226L and Q227M in HA, E627K in PB2.",
H3,HA1-160A,H3,160A,H3,PMID:28166830,The T160A substitution resulted in the loss of a glycosylation site at 158N and led not only to enhanced binding specificity for human-type receptors but also transmissibility among guinea pigs.,
H3-combination_24_0,HA1-158D,H3,158&224&226&318DKLI,H3,PMID:23868877,"A laboratory-generated reassortant H5 hemagglutinin (HA)/influenza A(H1N1) strain containing the mutations N158D, N224K, Q226L, and T318I (hereafter, H3 numbering is used) in the HA of A/Vietnam/1203/2004(H5N1, clade 1) could be transmitted among ferrets via aerosol or respiratory droplets, suggesting that these 4 HA mutations contribute to the acquisition of airborne transmissibility by influenza A(H5N1) among mammals",
H3-combination_24_1,HA1-224K,H3,158&224&226&318DKLI,H3,PMID:23868877,"A laboratory-generated reassortant H5 hemagglutinin (HA)/influenza A(H1N1) strain containing the mutations N158D, N224K, Q226L, and T318I (hereafter, H3 numbering is used) in the HA of A/Vietnam/1203/2004(H5N1, clade 1) could be transmitted among ferrets via aerosol or respiratory droplets, suggesting that these 4 HA mutations contribute to the acquisition of airborne transmissibility by influenza A(H5N1) among mammals",
H3-combination_24_2,HA1-226L,H3,158&224&226&318DKLI,H3,PMID:23868877,"A laboratory-generated reassortant H5 hemagglutinin (HA)/influenza A(H1N1) strain containing the mutations N158D, N224K, Q226L, and T318I (hereafter, H3 numbering is used) in the HA of A/Vietnam/1203/2004(H5N1, clade 1) could be transmitted among ferrets via aerosol or respiratory droplets, suggesting that these 4 HA mutations contribute to the acquisition of airborne transmissibility by influenza A(H5N1) among mammals",
H3-combination_24_3,HA1-318I,H3,158&224&226&318DKLI,H3,PMID:23868877,"A laboratory-generated reassortant H5 hemagglutinin (HA)/influenza A(H1N1) strain containing the mutations N158D, N224K, Q226L, and T318I (hereafter, H3 numbering is used) in the HA of A/Vietnam/1203/2004(H5N1, clade 1) could be transmitted among ferrets via aerosol or respiratory droplets, suggesting that these 4 HA mutations contribute to the acquisition of airborne transmissibility by influenza A(H5N1) among mammals",
H3-combination_25_0,HA1-158D,H3,158&224&226&318DKLI,H3,PMID:22722205,Human-virus-characteristic amino acids in these seven segments may have critically contributed to the respiratory droplet transmission of the HA(N158D/N224K/Q226L/T318I)/CA04 virus in ferrets.,
H3-combination_25_1,HA1-224K,H3,158&224&226&318DKLI,H3,PMID:22722205,Human-virus-characteristic amino acids in these seven segments may have critically contributed to the respiratory droplet transmission of the HA(N158D/N224K/Q226L/T318I)/CA04 virus in ferrets.,
H3-combination_25_2,HA1-226L,H3,158&224&226&318DKLI,H3,PMID:22722205,Human-virus-characteristic amino acids in these seven segments may have critically contributed to the respiratory droplet transmission of the HA(N158D/N224K/Q226L/T318I)/CA04 virus in ferrets.,
H3-combination_25_3,HA1-318I,H3,158&224&226&318DKLI,H3,PMID:22722205,Human-virus-characteristic amino acids in these seven segments may have critically contributed to the respiratory droplet transmission of the HA(N158D/N224K/Q226L/T318I)/CA04 virus in ferrets.,
H3-combination_26_0,HA1-226L,H3,226&228LG,H3,PMID:20574518,"A unique transmission event with the ElSalv/57 virus occurred which produced a 226L/228G H2N2 natural variant virus that displayed an increase in binding specificity to alpha 2,6 glycan receptors and enhanced respiratory droplet transmissibility in ferrets.",
H3-combination_26_1,HA1-228G,H3,226&228LG,H3,PMID:20574518,"A unique transmission event with the ElSalv/57 virus occurred which produced a 226L/228G H2N2 natural variant virus that displayed an increase in binding specificity to alpha 2,6 glycan receptors and enhanced respiratory droplet transmissibility in ferrets.",
H3,HA1-225D,H3,225D,H3,PMID:20140096,"Our data for H1N1/09 are consistent with this finding in that all viruses detected in nasal secretions from the contact exposed pigs (TC1-TC4) possessed 225D (Table 2), indicating that it appears more transmissible than variant 225G.(H3 numbering)",
H3-combination_28_0,HA1-189A,H3,H3-HA1-189A&H3-HA2-192R,H3,PMID:19380727,"RCP10 (A189, G192) contains the adaptive change of alanine at HA1 189 and the avian glycine at HA2 192 while RCP10 (T189, R192) contains the avian threonine at HA1 189 and adaptive arginine at HA2 192. Our transmission studies suggest that both mutations in HA are necessary for respiratory droplet transmission of the avian–human H9N2 reassortant viruses.",
H3-combination_28_1,HA2-192R,H3,H3-HA1-189A&H3-HA2-192R,H3,PMID:19380727,"RCP10 (A189, G192) contains the adaptive change of alanine at HA1 189 and the avian glycine at HA2 192 while RCP10 (T189, R192) contains the avian threonine at HA1 189 and adaptive arginine at HA2 192. Our transmission studies suggest that both mutations in HA are necessary for respiratory droplet transmission of the avian–human H9N2 reassortant viruses.",
H3-combination_29_0,HA1-190D,H3,190&225DD,H3,PMID:19211790,"we found that 5 modern avian H1N1 strains possessing “avian” receptor binding amino acids (Glu190 and Gly225) did not transmit to contact animals by means of respiratory droplets, whereas efficient transmission occurred with a human H1N1 virus possessing human receptor binding residues (Asp190 and Asp225)",
H3-combination_29_1,HA1-225D,H3,190&225DD,H3,PMID:19211790,"we found that 5 modern avian H1N1 strains possessing “avian” receptor binding amino acids (Glu190 and Gly225) did not transmit to contact animals by means of respiratory droplets, whereas efficient transmission occurred with a human H1N1 virus possessing human receptor binding residues (Asp190 and Asp225)",
H3,HA1-226L,H3,226L,H3,PMID:18698430,A single amino acid change of Gln to Leu at amino acid 226 in the HA RBS enhanced both replication and transmission of mQa88 virus in ferrets.,
H1,HA2-79M,H3,425M,H1,PMID:34963076,The PB2D309N and HAL425M substitutions enabled direct contact transmission of rH1N1 in guinea pigs.,
H1-combination_32_0,HA1-190E,H3,187&211&289EEN,H1,PMID:25100840,"The five consensus mutations are responsible for the enhanced virulence, and that the HA mutations (D187E, K211E, and S289N) in the L2 virus are linked to effective airborne transmission in ferrets.",
H1-combination_32_1,HA1-214E,H3,187&211&289EEN,H1,PMID:25100840,"The five consensus mutations are responsible for the enhanced virulence, and that the HA mutations (D187E, K211E, and S289N) in the L2 virus are linked to effective airborne transmission in ferrets.",
H1-combination_32_2,HA1-291N,H3,187&211&289EEN,H1,PMID:25100840,"The five consensus mutations are responsible for the enhanced virulence, and that the HA mutations (D187E, K211E, and S289N) in the L2 virus are linked to effective airborne transmission in ferrets.",
H1,HA1-222K,H3,219K,H1,PMID:21407805,This pattern of transmission suggests that a lysine at HA position 219 enhances transmission of the 2009 H1N1 virus through the air.,
combination-combination_34_1,HA1-187P,H3,PB2-627K&H3-187P&H3-227L,combination,PMID:36103978,"These findings demonstrated that mutant virus did not acquire the ability to spread via respiratory droplets, but the T187P ​+ ​M227L double mutation combined with PB2-627K enabled H9N2 viral transmissibility among guinea pigs via direct contact.",
combination-combination_34_2,HA1-227L,H3,PB2-627K&H3-187P&H3-227L,combination,PMID:36103978,"These findings demonstrated that mutant virus did not acquire the ability to spread via respiratory droplets, but the T187P ​+ ​M227L double mutation combined with PB2-627K enabled H9N2 viral transmissibility among guinea pigs via direct contact.",
combination-combination_38_1,HA1-121T,H3,PB1-13P&H7-111T&H7-146S&H7-340R,combination,PMID:31503518,"These findings suggest that increased contact transmission from mammal-to-mammal requires mutations in PB1 L13P and in HA (I111T, A146S and G340R), albeit we cannot entirely exclude contact transmission in the other virus mutants due to low numbers of sentinel animals.",
combination-combination_38_2,HA1-157S,H3,PB1-13P&H7-111T&H7-146S&H7-340R,combination,PMID:31503518,"These findings suggest that increased contact transmission from mammal-to-mammal requires mutations in PB1 L13P and in HA (I111T, A146S and G340R), albeit we cannot entirely exclude contact transmission in the other virus mutants due to low numbers of sentinel animals.",
combination-combination_38_3,340R,H7,PB1-13P&H7-111T&H7-146S&H7-340R,combination,PMID:31503518,"These findings suggest that increased contact transmission from mammal-to-mammal requires mutations in PB1 L13P and in HA (I111T, A146S and G340R), albeit we cannot entirely exclude contact transmission in the other virus mutants due to low numbers of sentinel animals.",
combination-combination_39_1,HA1-205T,H3,PA-581M&H1-202T&NP-100I&NP-373T&N1-248D&NS1-123V,combination,PMID:27339001,"We could identify 6 mutations in the HH15 viral genome (PA-L581M, NP-V100I, NP-I373T, H1-S202T, N1-N248D and NS1-I123V) that became prevalent after pandemic declaration with high frequency. HH15-specific amino-acids mediate elevated transmissibility via respiratory droplets in ferrets.",
combination-combination_39_4,247D,N2,PA-581M&H1-202T&NP-100I&NP-373T&N1-248D&NS1-123V,combination,PMID:27339001,"We could identify 6 mutations in the HH15 viral genome (PA-L581M, NP-V100I, NP-I373T, H1-S202T, N1-N248D and NS1-I123V) that became prevalent after pandemic declaration with high frequency. HH15-specific amino-acids mediate elevated transmissibility via respiratory droplets in ferrets.",
combination-combination_40_0,HA1-227P,H3,H3-HA1-227P&NP-434K,combination,PMID:26552719,These results demonstrate that NP-E434K and either HA1-Q227P or HA2-D46E are sufficient for direct contact transmission in guinea pigs.,
combination-combination_41_0,HA2-46E,H3,H3-HA2-46E&NP-434K,combination,PMID:26552719,These results demonstrate that NP-E434K and either HA1-Q227P or HA2-D46E are sufficient for direct contact transmission in guinea pigs.,
combination-combination_42_0,HA2-46E,H3,H3-HA2-46E&H3-HA1-227P&NP-434K,combination,PMID:26552719,"Three amino acid substitutions introduced into the H9N2 AIV during serial passage (HA1-Q227P, HA2-D46E and NP-E434K or HA1-Q227P, NP-E434K and PB2-D195N) were sufficient to increase contact transmission efficiency between guinea pigs (2/3 pairs).",
combination-combination_42_1,HA1-227P,H3,H3-HA2-46E&H3-HA1-227P&NP-434K,combination,PMID:26552719,"Three amino acid substitutions introduced into the H9N2 AIV during serial passage (HA1-Q227P, HA2-D46E and NP-E434K or HA1-Q227P, NP-E434K and PB2-D195N) were sufficient to increase contact transmission efficiency between guinea pigs (2/3 pairs).",
combination-combination_43_1,HA1-227P,H3,PB2-195N&H3-HA1-227P&NP-434K,combination,PMID:26552719,"Three amino acid substitutions introduced into the H9N2 AIV during serial passage (HA1-Q227P, HA2-D46E and NP-E434K or HA1-Q227P, NP-E434K and PB2-D195N) were sufficient to increase contact transmission efficiency between guinea pigs (2/3 pairs).",
combination-combination_44_0,HA2-46E,H3,H3-HA2-46E&M1-211R,combination,PMID:26552719,"These data suggest that PB2-D195N, HA1-Q227P and NP-E434K are sufficient to confer a transmissible phenotype to the SD2/H9N2 virus although the HA2-D46E and M1-Q211R substitutions may enhance transmission efficiency.",
combination-combination_46_2,329D,N2,PB1-469T&PA-129T&N1-329D&NS1-205K&NS2-48N,combination,PMID:25100840,"We next selected three representative viral clones harboring all five of the consensus mutations (PB1 A469T, PA 1129T, NA N329D, NS1 N205K, and NEP T48N) in combination with the D187E, K211E, and S289N mutations (as a representative lower respiratory tract virus, named L2), with the M227I, S271P, and I295V mutations (as a representative upper respiratory tract virus, named N9), or with no mutational change in the HA (named L18).Together, these data indicate that the pathogenicity and transmissibility of P9 virus-derived L2, N9, and L18 viruses were much greater than that of the parental rH1N1 virus.",
combination-combination_47_2,HA1-190E,H3,PB1-469T&PA-129T&H1-187E&H1-211E&H1-289N&N1-329D&NS1-205K&NS2-48N,combination,PMID:25100840,"We next selected three representative viral clones harboring all five of the consensus mutations (PB1 A469T, PA 1129T, NA N329D, NS1 N205K, and NEP T48N) in combination with the D187E, K211E, and S289N mutations (as a representative lower respiratory tract virus, named L2), with the M227I, S271P, and I295V mutations (as a representative upper respiratory tract virus, named N9), or with no mutational change in the HA (named L18).Together, these data indicate that the pathogenicity and transmissibility of P9 virus-derived L2, N9, and L18 viruses were much greater than that of the parental rH1N1 virus.",
combination-combination_47_3,HA1-214E,H3,PB1-469T&PA-129T&H1-187E&H1-211E&H1-289N&N1-329D&NS1-205K&NS2-48N,combination,PMID:25100840,"We next selected three representative viral clones harboring all five of the consensus mutations (PB1 A469T, PA 1129T, NA N329D, NS1 N205K, and NEP T48N) in combination with the D187E, K211E, and S289N mutations (as a representative lower respiratory tract virus, named L2), with the M227I, S271P, and I295V mutations (as a representative upper respiratory tract virus, named N9), or with no mutational change in the HA (named L18).Together, these data indicate that the pathogenicity and transmissibility of P9 virus-derived L2, N9, and L18 viruses were much greater than that of the parental rH1N1 virus.",
combination-combination_47_4,HA1-291N,H3,PB1-469T&PA-129T&H1-187E&H1-211E&H1-289N&N1-329D&NS1-205K&NS2-48N,combination,PMID:25100840,"We next selected three representative viral clones harboring all five of the consensus mutations (PB1 A469T, PA 1129T, NA N329D, NS1 N205K, and NEP T48N) in combination with the D187E, K211E, and S289N mutations (as a representative lower respiratory tract virus, named L2), with the M227I, S271P, and I295V mutations (as a representative upper respiratory tract virus, named N9), or with no mutational change in the HA (named L18).Together, these data indicate that the pathogenicity and transmissibility of P9 virus-derived L2, N9, and L18 viruses were much greater than that of the parental rH1N1 virus.",
combination-combination_47_5,329D,N2,PB1-469T&PA-129T&H1-187E&H1-211E&H1-289N&N1-329D&NS1-205K&NS2-48N,combination,PMID:25100840,"We next selected three representative viral clones harboring all five of the consensus mutations (PB1 A469T, PA 1129T, NA N329D, NS1 N205K, and NEP T48N) in combination with the D187E, K211E, and S289N mutations (as a representative lower respiratory tract virus, named L2), with the M227I, S271P, and I295V mutations (as a representative upper respiratory tract virus, named N9), or with no mutational change in the HA (named L18).Together, these data indicate that the pathogenicity and transmissibility of P9 virus-derived L2, N9, and L18 viruses were much greater than that of the parental rH1N1 virus.",
combination-combination_48_2,HA1-230I,H3,PB1-469T&PA-129T&H1-227I&H1-271P&H1-295V&N1-329D&NS1-205K&NS2-48N,combination,PMID:25100840,"We next selected three representative viral clones harboring all five of the consensus mutations (PB1 A469T, PA 1129T, NA N329D, NS1 N205K, and NEP T48N) in combination with the D187E, K211E, and S289N mutations (as a representative lower respiratory tract virus, named L2), with the M227I, S271P, and I295V mutations (as a representative upper respiratory tract virus, named N9), or with no mutational change in the HA (named L18).Together, these data indicate that the pathogenicity and transmissibility of P9 virus-derived L2, N9, and L18 viruses were much greater than that of the parental rH1N1 virus.",
combination-combination_48_3,HA1-273P,H3,PB1-469T&PA-129T&H1-227I&H1-271P&H1-295V&N1-329D&NS1-205K&NS2-48N,combination,PMID:25100840,"We next selected three representative viral clones harboring all five of the consensus mutations (PB1 A469T, PA 1129T, NA N329D, NS1 N205K, and NEP T48N) in combination with the D187E, K211E, and S289N mutations (as a representative lower respiratory tract virus, named L2), with the M227I, S271P, and I295V mutations (as a representative upper respiratory tract virus, named N9), or with no mutational change in the HA (named L18).Together, these data indicate that the pathogenicity and transmissibility of P9 virus-derived L2, N9, and L18 viruses were much greater than that of the parental rH1N1 virus.",
combination-combination_48_4,HA1-297V,H3,PB1-469T&PA-129T&H1-227I&H1-271P&H1-295V&N1-329D&NS1-205K&NS2-48N,combination,PMID:25100840,"We next selected three representative viral clones harboring all five of the consensus mutations (PB1 A469T, PA 1129T, NA N329D, NS1 N205K, and NEP T48N) in combination with the D187E, K211E, and S289N mutations (as a representative lower respiratory tract virus, named L2), with the M227I, S271P, and I295V mutations (as a representative upper respiratory tract virus, named N9), or with no mutational change in the HA (named L18).Together, these data indicate that the pathogenicity and transmissibility of P9 virus-derived L2, N9, and L18 viruses were much greater than that of the parental rH1N1 virus.",
combination-combination_48_5,329D,N2,PB1-469T&PA-129T&H1-227I&H1-271P&H1-295V&N1-329D&NS1-205K&NS2-48N,combination,PMID:25100840,"We next selected three representative viral clones harboring all five of the consensus mutations (PB1 A469T, PA 1129T, NA N329D, NS1 N205K, and NEP T48N) in combination with the D187E, K211E, and S289N mutations (as a representative lower respiratory tract virus, named L2), with the M227I, S271P, and I295V mutations (as a representative upper respiratory tract virus, named N9), or with no mutational change in the HA (named L18).Together, these data indicate that the pathogenicity and transmissibility of P9 virus-derived L2, N9, and L18 viruses were much greater than that of the parental rH1N1 virus.",
combination-combination_50_0,HA1-225G,H3,H3-225G&N2-315N,combination,PMID:23019374,Reverse-genetics studies further indicated that the HA(225G) and NA(315N) substitutions contributed to enhance transmissibility in ferrets and virulence in mice.,
combination-combination_51_1,HA1-110Y,H3,PB2-627K&H5-103Y&H5-156A&H5-222L&H5-224S,combination,PMID:22723413,"Because only HA recognition by antibodies is evaluated in this assay, chimeric viruses were generated based on six gene segments of the mouse-adapted A/Puerto Rico/8/34 (PR8) virus with the HA and PB2 genes of the transmissible virus harboring amino acid substitutions H103Y, T156A, Q222L, and G224S in HA and E627K in PB2. Together, these results suggest that as few as five amino acid substitutions (four in HA and one in PB2) may be sufficient to confer airborne transmission of HPAI A/H5N1 virus between mammals.",
combination-combination_51_2,HA1-160A,H3,PB2-627K&H5-103Y&H5-156A&H5-222L&H5-224S,combination,PMID:22723413,"Because only HA recognition by antibodies is evaluated in this assay, chimeric viruses were generated based on six gene segments of the mouse-adapted A/Puerto Rico/8/34 (PR8) virus with the HA and PB2 genes of the transmissible virus harboring amino acid substitutions H103Y, T156A, Q222L, and G224S in HA and E627K in PB2. Together, these results suggest that as few as five amino acid substitutions (four in HA and one in PB2) may be sufficient to confer airborne transmission of HPAI A/H5N1 virus between mammals.",
combination-combination_51_3,HA1-226L,H3,PB2-627K&H5-103Y&H5-156A&H5-222L&H5-224S,combination,PMID:22723413,"Because only HA recognition by antibodies is evaluated in this assay, chimeric viruses were generated based on six gene segments of the mouse-adapted A/Puerto Rico/8/34 (PR8) virus with the HA and PB2 genes of the transmissible virus harboring amino acid substitutions H103Y, T156A, Q222L, and G224S in HA and E627K in PB2. Together, these results suggest that as few as five amino acid substitutions (four in HA and one in PB2) may be sufficient to confer airborne transmission of HPAI A/H5N1 virus between mammals.",
combination-combination_51_4,HA1-228S,H3,PB2-627K&H5-103Y&H5-156A&H5-222L&H5-224S,combination,PMID:22723413,"Because only HA recognition by antibodies is evaluated in this assay, chimeric viruses were generated based on six gene segments of the mouse-adapted A/Puerto Rico/8/34 (PR8) virus with the HA and PB2 genes of the transmissible virus harboring amino acid substitutions H103Y, T156A, Q222L, and G224S in HA and E627K in PB2. Together, these results suggest that as few as five amino acid substitutions (four in HA and one in PB2) may be sufficient to confer airborne transmission of HPAI A/H5N1 virus between mammals.",
PB2,309N,PB2,309N,PB2,PMID:34963076,The PB2D309N and HAL425M substitutions enabled direct contact transmission of rH1N1 in guinea pigs.,
PB2-combination_1_0,340K,PB2,340&588KV,PB2,PMID:31875046,"H9N2 AIVs pose a potential threat to public health. In this study, a Y280-like H9N2 virus displayed increased pathogenicity and transmissibility after serial passage in mice. We found that PB2-340K in combination with PB2-588V contributed to the altered features.",
PB2-combination_1_1,588V,PB2,340&588KV,PB2,PMID:31875046,"H9N2 AIVs pose a potential threat to public health. In this study, a Y280-like H9N2 virus displayed increased pathogenicity and transmissibility after serial passage in mice. We found that PB2-340K in combination with PB2-588V contributed to the altered features.",
PB2,591Q,PB2,591Q,PB2,PMID:20700447,"PB2-591Q might enhance transmission, but not replication in the new host.",
PB1,524G,PB1,524G,PB1,PMID:33840358,The S524G mutation in PB1 increases the airborne transmissibility of H3N8 viruses in ferrets.,
PB1,649I,PB1,649I,PB1,PMID:33268526,Mutation located in the host-specific domain and is associated with increased virulence and transmissibility in mice and ferrets.(Table 4),
PA-X,195K,PA-X,195K,PA-X,PMID:32161172,"Compared with PA-X 195R, H7N9 influenza viruses bearing PA-X 195K showed increased replication and transmission in ferrets and did not alter the replication ability or transmission of AIVs in chickens.",
PA-combination_6_0,100I,PA,100&321&330&639IKVT,PA,PMID:35969783,"These results indicate that the four amino acids 100I, 321K, 330V, and 639T in PA are critical for the pathogenicity and efficient transmission of LN265 in ferrets, and the substitution of these four amino acids with 100V, 321N, 330I, and 639A in PA reduces the transmissibility of LN265 in ferrets. Introducing these four mutations in PA of GZ828 increases the transmissibility of GZ828 in ferrets; however, the kinetics of transmission of rGZ828-PA/mut differs from those of rLN265.",
PA-combination_6_1,321K,PA,100&321&330&639IKVT,PA,PMID:35969783,"These results indicate that the four amino acids 100I, 321K, 330V, and 639T in PA are critical for the pathogenicity and efficient transmission of LN265 in ferrets, and the substitution of these four amino acids with 100V, 321N, 330I, and 639A in PA reduces the transmissibility of LN265 in ferrets. Introducing these four mutations in PA of GZ828 increases the transmissibility of GZ828 in ferrets; however, the kinetics of transmission of rGZ828-PA/mut differs from those of rLN265.",
PA-combination_6_2,330V,PA,100&321&330&639IKVT,PA,PMID:35969783,"These results indicate that the four amino acids 100I, 321K, 330V, and 639T in PA are critical for the pathogenicity and efficient transmission of LN265 in ferrets, and the substitution of these four amino acids with 100V, 321N, 330I, and 639A in PA reduces the transmissibility of LN265 in ferrets. Introducing these four mutations in PA of GZ828 increases the transmissibility of GZ828 in ferrets; however, the kinetics of transmission of rGZ828-PA/mut differs from those of rLN265.",
PA-combination_6_3,639T,PA,100&321&330&639IKVT,PA,PMID:35969783,"These results indicate that the four amino acids 100I, 321K, 330V, and 639T in PA are critical for the pathogenicity and efficient transmission of LN265 in ferrets, and the substitution of these four amino acids with 100V, 321N, 330I, and 639A in PA reduces the transmissibility of LN265 in ferrets. Introducing these four mutations in PA of GZ828 increases the transmissibility of GZ828 in ferrets; however, the kinetics of transmission of rGZ828-PA/mut differs from those of rLN265.",
NP,351K,NP,351K,NP,PMID:34702977,These results show that introduction of the NP-R351K mutation is sufficient to enhance the transmissibility of the reconstructed early EA2 swine virus.,
NP,434K,NP,434K,NP,PMID:26552719,"A recombinant virus lacking the NP-E434K substitution replicated well in inoculated guinea pigs, but lost the ability to transmit to naive contact animals (Fig. 3f). These results demonstrate that NP-E434K and either HA1-Q227P or HA2-D46E are sufficient for direct contact transmission in guinea pigs.",
NP,346S,NP,346S,NP,PMID:23365443,"NPF346S and M1V166M substitutions each conferred transmissibility, as did the NPF346S/M1V166M double mutant.Thus, a growth and transmissibility advantage in guinea pigs can be conferred by a single mutation encoding an amino acid substitution in either NP or M1. ",
NP,100I,NP,100I,NP,PMID:21382522,Increased transmissibility or infectivity.Please refer to Table 3.,
M2-combination_15_0,14E,M2,14&55EF,M2,PMID:20029615,The double mutation of G14→E and L55→F may contribute to the increased human transmissibility of S-OIVs.These finding suggests that E14-F55 combination in the M2 protein of S-OIV may be a molecular determinant associated with its human-to-human transmission.,
M2-combination_15_1,55F,M2,14&55EF,M2,PMID:20029615,The double mutation of G14→E and L55→F may contribute to the increased human transmissibility of S-OIVs.These finding suggests that E14-F55 combination in the M2 protein of S-OIV may be a molecular determinant associated with its human-to-human transmission.,
M1,62L,M1,62L,M1,PMID:23365443,"Both the M1F62L (in PR8gpA) and the M1V166M (in PR8gpB) substitutions alone conferred transmissibility when reintroduced singly into the wild-type background by reverse genetics (Fig. 6A and B). Thus, a growth and transmissibility advantage in guinea pigs can be conferred by a single mutation encoding an amino acid substitution in either NP or M1.",
M1,166M,M1,166M,M1,PMID:23365443,"Both the M1F62L (in PR8gpA) and the M1V166M (in PR8gpB) substitutions alone conferred transmissibility when reintroduced singly into the wild-type background by reverse genetics (Fig. 6A and B). Thus, a growth and transmissibility advantage in guinea pigs can be conferred by a single mutation encoding an amino acid substitution in either NP or M1.",
combination-combination_34_0,627K,PB2,PB2-627K&H3-187P&H3-227L,combination,PMID:36103978,"These findings demonstrated that mutant virus did not acquire the ability to spread via respiratory droplets, but the T187P ​+ ​M227L double mutation combined with PB2-627K enabled H9N2 viral transmissibility among guinea pigs via direct contact.",
combination-combination_35_0,621R,PB1,PB1-621R&NP-351K,combination,PMID:34702977,PB1-Q621R and NP-R351K increased viral replication and transmission in piglets when introduced into the 1979-1983 ancestral virus that lacked efficient transmissibility.,
combination-combination_35_1,351K,NP,PB1-621R&NP-351K,combination,PMID:34702977,PB1-Q621R and NP-R351K increased viral replication and transmission in piglets when introduced into the 1979-1983 ancestral virus that lacked efficient transmissibility.,
combination-combination_36_0,627K,PB2,PB2-627K&PB1-115Q,combination,PMID:34164347,"PB1-H115Q and PB2-E627K, exhibiting increased virulence and aerosol transmissibility in guinea pigs.",
combination-combination_36_1,115Q,PB1,PB2-627K&PB1-115Q,combination,PMID:34164347,"PB1-H115Q and PB2-E627K, exhibiting increased virulence and aerosol transmissibility in guinea pigs.",
combination-combination_37_0,229R,PB1,PB1-229R&PA-653L,combination,PMID:34061908,"PB1 and PA sequencing revealed that RNA ratio in the inoculum was 95% K229R + P653L and 5% Eng195. Sequencing of virus in the nasal wash showed high levels of both R229 in PB1 (>50%) and L653 in PA (>85%) in all infected ferrets indicating that the K229R + P653L virus could productively infect ferrets and was transmitted both through direct and indirect contact transmission routes (Fig 2). The earliest sample after acquisition of virus in 2 of 4 contact ferrets and 2 of 3 indirect contact ferrets contained 100% K229R + P653L, with no transmission of any wild-type segments.",
combination-combination_37_1,653L,PA,PB1-229R&PA-653L,combination,PMID:34061908,"PB1 and PA sequencing revealed that RNA ratio in the inoculum was 95% K229R + P653L and 5% Eng195. Sequencing of virus in the nasal wash showed high levels of both R229 in PB1 (>50%) and L653 in PA (>85%) in all infected ferrets indicating that the K229R + P653L virus could productively infect ferrets and was transmitted both through direct and indirect contact transmission routes (Fig 2). The earliest sample after acquisition of virus in 2 of 4 contact ferrets and 2 of 3 indirect contact ferrets contained 100% K229R + P653L, with no transmission of any wild-type segments.",
combination-combination_38_0,13P,PB1,PB1-13P&H7-111T&H7-146S&H7-340R,combination,PMID:31503518,"These findings suggest that increased contact transmission from mammal-to-mammal requires mutations in PB1 L13P and in HA (I111T, A146S and G340R), albeit we cannot entirely exclude contact transmission in the other virus mutants due to low numbers of sentinel animals.",
combination-combination_39_0,581M,PA,PA-581M&H1-202T&NP-100I&NP-373T&N1-248D&NS1-123V,combination,PMID:27339001,"We could identify 6 mutations in the HH15 viral genome (PA-L581M, NP-V100I, NP-I373T, H1-S202T, N1-N248D and NS1-I123V) that became prevalent after pandemic declaration with high frequency. HH15-specific amino-acids mediate elevated transmissibility via respiratory droplets in ferrets.",
combination-combination_39_2,100I,NP,PA-581M&H1-202T&NP-100I&NP-373T&N1-248D&NS1-123V,combination,PMID:27339001,"We could identify 6 mutations in the HH15 viral genome (PA-L581M, NP-V100I, NP-I373T, H1-S202T, N1-N248D and NS1-I123V) that became prevalent after pandemic declaration with high frequency. HH15-specific amino-acids mediate elevated transmissibility via respiratory droplets in ferrets.",
combination-combination_39_3,373T,NP,PA-581M&H1-202T&NP-100I&NP-373T&N1-248D&NS1-123V,combination,PMID:27339001,"We could identify 6 mutations in the HH15 viral genome (PA-L581M, NP-V100I, NP-I373T, H1-S202T, N1-N248D and NS1-I123V) that became prevalent after pandemic declaration with high frequency. HH15-specific amino-acids mediate elevated transmissibility via respiratory droplets in ferrets.",
combination-combination_39_5,123V,NS1,PA-581M&H1-202T&NP-100I&NP-373T&N1-248D&NS1-123V,combination,PMID:27339001,"We could identify 6 mutations in the HH15 viral genome (PA-L581M, NP-V100I, NP-I373T, H1-S202T, N1-N248D and NS1-I123V) that became prevalent after pandemic declaration with high frequency. HH15-specific amino-acids mediate elevated transmissibility via respiratory droplets in ferrets.",
combination-combination_40_1,434K,NP,H3-HA1-227P&NP-434K,combination,PMID:26552719,These results demonstrate that NP-E434K and either HA1-Q227P or HA2-D46E are sufficient for direct contact transmission in guinea pigs.,
combination-combination_41_1,434K,NP,H3-HA2-46E&NP-434K,combination,PMID:26552719,These results demonstrate that NP-E434K and either HA1-Q227P or HA2-D46E are sufficient for direct contact transmission in guinea pigs.,
combination-combination_42_2,434K,NP,H3-HA2-46E&H3-HA1-227P&NP-434K,combination,PMID:26552719,"Three amino acid substitutions introduced into the H9N2 AIV during serial passage (HA1-Q227P, HA2-D46E and NP-E434K or HA1-Q227P, NP-E434K and PB2-D195N) were sufficient to increase contact transmission efficiency between guinea pigs (2/3 pairs).",
combination-combination_43_0,195N,PB2,PB2-195N&H3-HA1-227P&NP-434K,combination,PMID:26552719,"Three amino acid substitutions introduced into the H9N2 AIV during serial passage (HA1-Q227P, HA2-D46E and NP-E434K or HA1-Q227P, NP-E434K and PB2-D195N) were sufficient to increase contact transmission efficiency between guinea pigs (2/3 pairs).",
combination-combination_43_2,434K,NP,PB2-195N&H3-HA1-227P&NP-434K,combination,PMID:26552719,"Three amino acid substitutions introduced into the H9N2 AIV during serial passage (HA1-Q227P, HA2-D46E and NP-E434K or HA1-Q227P, NP-E434K and PB2-D195N) were sufficient to increase contact transmission efficiency between guinea pigs (2/3 pairs).",
combination-combination_44_1,211R,M1,H3-HA2-46E&M1-211R,combination,PMID:26552719,"These data suggest that PB2-D195N, HA1-Q227P and NP-E434K are sufficient to confer a transmissible phenotype to the SD2/H9N2 virus although the HA2-D46E and M1-Q211R substitutions may enhance transmission efficiency.",
combination-combination_45_0,469T,PB1,PB1-469T&NS1-205K&NS2-48N,combination,PMID:25100840,"These results indicated that PB1 A469T, combined NS1 N205K and NEP T48N single-site mutations in the parental rH1N1 virus, conferred enhanced in-contact transmissibility in guinea pigs. ",
combination-combination_45_1,205K,NS1,PB1-469T&NS1-205K&NS2-48N,combination,PMID:25100840,"These results indicated that PB1 A469T, combined NS1 N205K and NEP T48N single-site mutations in the parental rH1N1 virus, conferred enhanced in-contact transmissibility in guinea pigs. ",
combination-combination_45_2,48N,NS2,PB1-469T&NS1-205K&NS2-48N,combination,PMID:25100840,"These results indicated that PB1 A469T, combined NS1 N205K and NEP T48N single-site mutations in the parental rH1N1 virus, conferred enhanced in-contact transmissibility in guinea pigs. ",
combination-combination_46_0,469T,PB1,PB1-469T&PA-129T&N1-329D&NS1-205K&NS2-48N,combination,PMID:25100840,"We next selected three representative viral clones harboring all five of the consensus mutations (PB1 A469T, PA 1129T, NA N329D, NS1 N205K, and NEP T48N) in combination with the D187E, K211E, and S289N mutations (as a representative lower respiratory tract virus, named L2), with the M227I, S271P, and I295V mutations (as a representative upper respiratory tract virus, named N9), or with no mutational change in the HA (named L18).Together, these data indicate that the pathogenicity and transmissibility of P9 virus-derived L2, N9, and L18 viruses were much greater than that of the parental rH1N1 virus.",
combination-combination_46_1,129T,PA,PB1-469T&PA-129T&N1-329D&NS1-205K&NS2-48N,combination,PMID:25100840,"We next selected three representative viral clones harboring all five of the consensus mutations (PB1 A469T, PA 1129T, NA N329D, NS1 N205K, and NEP T48N) in combination with the D187E, K211E, and S289N mutations (as a representative lower respiratory tract virus, named L2), with the M227I, S271P, and I295V mutations (as a representative upper respiratory tract virus, named N9), or with no mutational change in the HA (named L18).Together, these data indicate that the pathogenicity and transmissibility of P9 virus-derived L2, N9, and L18 viruses were much greater than that of the parental rH1N1 virus.",
combination-combination_46_3,205K,NS1,PB1-469T&PA-129T&N1-329D&NS1-205K&NS2-48N,combination,PMID:25100840,"We next selected three representative viral clones harboring all five of the consensus mutations (PB1 A469T, PA 1129T, NA N329D, NS1 N205K, and NEP T48N) in combination with the D187E, K211E, and S289N mutations (as a representative lower respiratory tract virus, named L2), with the M227I, S271P, and I295V mutations (as a representative upper respiratory tract virus, named N9), or with no mutational change in the HA (named L18).Together, these data indicate that the pathogenicity and transmissibility of P9 virus-derived L2, N9, and L18 viruses were much greater than that of the parental rH1N1 virus.",
combination-combination_46_4,48N,NS2,PB1-469T&PA-129T&N1-329D&NS1-205K&NS2-48N,combination,PMID:25100840,"We next selected three representative viral clones harboring all five of the consensus mutations (PB1 A469T, PA 1129T, NA N329D, NS1 N205K, and NEP T48N) in combination with the D187E, K211E, and S289N mutations (as a representative lower respiratory tract virus, named L2), with the M227I, S271P, and I295V mutations (as a representative upper respiratory tract virus, named N9), or with no mutational change in the HA (named L18).Together, these data indicate that the pathogenicity and transmissibility of P9 virus-derived L2, N9, and L18 viruses were much greater than that of the parental rH1N1 virus.",
combination-combination_47_0,469T,PB1,PB1-469T&PA-129T&H1-187E&H1-211E&H1-289N&N1-329D&NS1-205K&NS2-48N,combination,PMID:25100840,"We next selected three representative viral clones harboring all five of the consensus mutations (PB1 A469T, PA 1129T, NA N329D, NS1 N205K, and NEP T48N) in combination with the D187E, K211E, and S289N mutations (as a representative lower respiratory tract virus, named L2), with the M227I, S271P, and I295V mutations (as a representative upper respiratory tract virus, named N9), or with no mutational change in the HA (named L18).Together, these data indicate that the pathogenicity and transmissibility of P9 virus-derived L2, N9, and L18 viruses were much greater than that of the parental rH1N1 virus.",
combination-combination_47_1,129T,PA,PB1-469T&PA-129T&H1-187E&H1-211E&H1-289N&N1-329D&NS1-205K&NS2-48N,combination,PMID:25100840,"We next selected three representative viral clones harboring all five of the consensus mutations (PB1 A469T, PA 1129T, NA N329D, NS1 N205K, and NEP T48N) in combination with the D187E, K211E, and S289N mutations (as a representative lower respiratory tract virus, named L2), with the M227I, S271P, and I295V mutations (as a representative upper respiratory tract virus, named N9), or with no mutational change in the HA (named L18).Together, these data indicate that the pathogenicity and transmissibility of P9 virus-derived L2, N9, and L18 viruses were much greater than that of the parental rH1N1 virus.",
combination-combination_47_6,205K,NS1,PB1-469T&PA-129T&H1-187E&H1-211E&H1-289N&N1-329D&NS1-205K&NS2-48N,combination,PMID:25100840,"We next selected three representative viral clones harboring all five of the consensus mutations (PB1 A469T, PA 1129T, NA N329D, NS1 N205K, and NEP T48N) in combination with the D187E, K211E, and S289N mutations (as a representative lower respiratory tract virus, named L2), with the M227I, S271P, and I295V mutations (as a representative upper respiratory tract virus, named N9), or with no mutational change in the HA (named L18).Together, these data indicate that the pathogenicity and transmissibility of P9 virus-derived L2, N9, and L18 viruses were much greater than that of the parental rH1N1 virus.",
combination-combination_47_7,48N,NS2,PB1-469T&PA-129T&H1-187E&H1-211E&H1-289N&N1-329D&NS1-205K&NS2-48N,combination,PMID:25100840,"We next selected three representative viral clones harboring all five of the consensus mutations (PB1 A469T, PA 1129T, NA N329D, NS1 N205K, and NEP T48N) in combination with the D187E, K211E, and S289N mutations (as a representative lower respiratory tract virus, named L2), with the M227I, S271P, and I295V mutations (as a representative upper respiratory tract virus, named N9), or with no mutational change in the HA (named L18).Together, these data indicate that the pathogenicity and transmissibility of P9 virus-derived L2, N9, and L18 viruses were much greater than that of the parental rH1N1 virus.",
combination-combination_48_0,469T,PB1,PB1-469T&PA-129T&H1-227I&H1-271P&H1-295V&N1-329D&NS1-205K&NS2-48N,combination,PMID:25100840,"We next selected three representative viral clones harboring all five of the consensus mutations (PB1 A469T, PA 1129T, NA N329D, NS1 N205K, and NEP T48N) in combination with the D187E, K211E, and S289N mutations (as a representative lower respiratory tract virus, named L2), with the M227I, S271P, and I295V mutations (as a representative upper respiratory tract virus, named N9), or with no mutational change in the HA (named L18).Together, these data indicate that the pathogenicity and transmissibility of P9 virus-derived L2, N9, and L18 viruses were much greater than that of the parental rH1N1 virus.",
combination-combination_48_1,129T,PA,PB1-469T&PA-129T&H1-227I&H1-271P&H1-295V&N1-329D&NS1-205K&NS2-48N,combination,PMID:25100840,"We next selected three representative viral clones harboring all five of the consensus mutations (PB1 A469T, PA 1129T, NA N329D, NS1 N205K, and NEP T48N) in combination with the D187E, K211E, and S289N mutations (as a representative lower respiratory tract virus, named L2), with the M227I, S271P, and I295V mutations (as a representative upper respiratory tract virus, named N9), or with no mutational change in the HA (named L18).Together, these data indicate that the pathogenicity and transmissibility of P9 virus-derived L2, N9, and L18 viruses were much greater than that of the parental rH1N1 virus.",
combination-combination_48_6,205K,NS1,PB1-469T&PA-129T&H1-227I&H1-271P&H1-295V&N1-329D&NS1-205K&NS2-48N,combination,PMID:25100840,"We next selected three representative viral clones harboring all five of the consensus mutations (PB1 A469T, PA 1129T, NA N329D, NS1 N205K, and NEP T48N) in combination with the D187E, K211E, and S289N mutations (as a representative lower respiratory tract virus, named L2), with the M227I, S271P, and I295V mutations (as a representative upper respiratory tract virus, named N9), or with no mutational change in the HA (named L18).Together, these data indicate that the pathogenicity and transmissibility of P9 virus-derived L2, N9, and L18 viruses were much greater than that of the parental rH1N1 virus.",
combination-combination_48_7,48N,NS2,PB1-469T&PA-129T&H1-227I&H1-271P&H1-295V&N1-329D&NS1-205K&NS2-48N,combination,PMID:25100840,"We next selected three representative viral clones harboring all five of the consensus mutations (PB1 A469T, PA 1129T, NA N329D, NS1 N205K, and NEP T48N) in combination with the D187E, K211E, and S289N mutations (as a representative lower respiratory tract virus, named L2), with the M227I, S271P, and I295V mutations (as a representative upper respiratory tract virus, named N9), or with no mutational change in the HA (named L18).Together, these data indicate that the pathogenicity and transmissibility of P9 virus-derived L2, N9, and L18 viruses were much greater than that of the parental rH1N1 virus.",
combination-combination_49_0,346S,NP,NP-346S&M1-166M,combination,PMID:23365443,"NPF346S and M1V166M substitutions each conferred transmissibility, as did the NPF346S/M1V166M double mutant.Thus, a growth and transmissibility advantage in guinea pigs can be conferred by a single mutation encoding an amino acid substitution in either NP or M1. ",
combination-combination_49_1,166M,M1,NP-346S&M1-166M,combination,PMID:23365443,"NPF346S and M1V166M substitutions each conferred transmissibility, as did the NPF346S/M1V166M double mutant.Thus, a growth and transmissibility advantage in guinea pigs can be conferred by a single mutation encoding an amino acid substitution in either NP or M1. ",
combination-combination_50_1,315N,N2,H3-225G&N2-315N,combination,PMID:23019374,Reverse-genetics studies further indicated that the HA(225G) and NA(315N) substitutions contributed to enhance transmissibility in ferrets and virulence in mice.,
combination-combination_51_0,627K,PB2,PB2-627K&H5-103Y&H5-156A&H5-222L&H5-224S,combination,PMID:22723413,"Because only HA recognition by antibodies is evaluated in this assay, chimeric viruses were generated based on six gene segments of the mouse-adapted A/Puerto Rico/8/34 (PR8) virus with the HA and PB2 genes of the transmissible virus harboring amino acid substitutions H103Y, T156A, Q222L, and G224S in HA and E627K in PB2. Together, these results suggest that as few as five amino acid substitutions (four in HA and one in PB2) may be sufficient to confer airborne transmission of HPAI A/H5N1 virus between mammals.",
